Fund_ID,Transaction_Date,Reporting_Quarter,Transaction_Type,investment_paid_in_usd,management_fees_usd,return_of_cost_distribution_usd,profit_distribution_usd,net_asset_value_usd,MOIC
1,2021-04-01,2,Capital Call,-275000.0,-28875.0,0.0,0.0,663261.22,3.41
1,2021-07-01,3,Capital Call,-275000.0,-28875.0,0.0,0.0,673044.87,2.22
1,2021-10-01,4,Capital Call,-275000.0,-28875.0,0.0,0.0,689350.96,1.84
1,2022-01-01,1,Capital Call,-275000.0,-28875.0,0.0,0.0,712179.49,1.65
1,2022-04-01,2,Capital Call,-275000.0,-28875.0,0.0,0.0,741530.45,1.54
1,2022-07-01,3,Capital Call,-275000.0,-28875.0,0.0,0.0,777403.85,1.47
1,2022-10-01,4,Capital Call,-275000.0,-28875.0,0.0,0.0,819799.68,1.43
1,2023-01-01,1,Capital Call,-275000.0,-28875.0,0.0,0.0,868717.95,1.39
1,2023-04-01,2,Capital Call,-275000.0,-28875.0,0.0,0.0,924158.65,1.37
1,2023-07-01,3,Capital Call,-275000.0,-28875.0,0.0,0.0,986121.79,1.36
1,2023-10-01,4,Capital Call,-275000.0,-28875.0,0.0,0.0,1054607.37,1.35
1,2024-01-01,1,Capital Call,-275000.0,-28875.0,0.0,0.0,1129615.38,1.34
1,2024-04-01,2,Fee/NAV Update,0.0,-28875.0,0.0,0.0,1168750.0,1.35
1,2024-07-01,3,Fee/NAV Update,0.0,-28875.0,0.0,0.0,1207884.62,1.37
1,2024-10-01,4,Distribution,0.0,-28875.0,165000.0,99000.0,1247019.23,1.38
1,2025-01-01,1,Fee/NAV Update,0.0,-28875.0,0.0,0.0,1286153.85,1.39
1,2025-04-01,2,Fee/NAV Update,0.0,-28875.0,0.0,0.0,1325288.46,1.4
1,2025-07-01,3,Fee/NAV Update,0.0,-28875.0,0.0,0.0,1364423.08,1.41
1,2025-10-01,4,Fee/NAV Update,0.0,-28875.0,0.0,0.0,1403557.69,1.43
2,2023-04-01,2,Capital Call,-50000.0,-8000.0,0.0,0.0,160881.41,4.22
2,2023-07-01,3,Capital Call,-50000.0,-8000.0,0.0,0.0,163525.64,2.64
2,2023-10-01,4,Capital Call,-50000.0,-8000.0,0.0,0.0,167932.69,2.12
2,2024-01-01,1,Capital Call,-50000.0,-8000.0,0.0,0.0,174102.56,1.87
2,2024-04-01,2,Capital Call,-50000.0,-8000.0,0.0,0.0,182035.26,1.73
2,2024-07-01,3,Capital Call,-50000.0,-8000.0,0.0,0.0,191730.77,1.64
2,2024-10-01,4,Capital Call,-50000.0,-8000.0,0.0,0.0,203189.1,1.58
2,2025-01-01,1,Capital Call,-50000.0,-8000.0,0.0,0.0,216410.26,1.54
2,2025-04-01,2,Capital Call,-50000.0,-8000.0,0.0,0.0,231394.23,1.51
2,2025-07-01,3,Capital Call,-50000.0,-8000.0,0.0,0.0,248141.03,1.5
2,2025-10-01,4,Capital Call,-50000.0,-8000.0,0.0,0.0,266650.64,1.48
3,2018-04-01,2,Capital Call,-1354166.67,-142187.5,0.0,0.0,3266059.03,3.41
3,2018-07-01,3,Capital Call,-1354166.67,-142187.5,0.0,0.0,3314236.11,2.22
3,2018-10-01,4,Capital Call,-1354166.67,-142187.5,0.0,0.0,3394531.25,1.84
3,2019-01-01,1,Capital Call,-1354166.67,-142187.5,0.0,0.0,3506944.44,1.65
3,2019-04-01,2,Capital Call,-1354166.67,-142187.5,0.0,0.0,3651475.69,1.54
3,2019-07-01,3,Capital Call,-1354166.67,-142187.5,0.0,0.0,3828125.0,1.47
3,2019-10-01,4,Capital Call,-1354166.67,-142187.5,0.0,0.0,4036892.36,1.43
3,2020-01-01,1,Capital Call,-1354166.67,-142187.5,0.0,0.0,4277777.78,1.39
3,2020-04-01,2,Capital Call,-1354166.67,-142187.5,0.0,0.0,4550781.25,1.37
3,2020-07-01,3,Capital Call,-1354166.67,-142187.5,0.0,0.0,4855902.78,1.36
3,2020-10-01,4,Capital Call,-1354166.67,-142187.5,0.0,0.0,5193142.36,1.35
3,2021-01-01,1,Capital Call,-1354166.67,-142187.5,0.0,0.0,5562500.0,1.34
3,2021-04-01,2,Fee/NAV Update,0.0,-142187.5,0.0,0.0,5755208.33,1.35
3,2021-07-01,3,Fee/NAV Update,0.0,-142187.5,0.0,0.0,5947916.67,1.37
3,2021-10-01,4,Distribution,0.0,-142187.5,812500.0,487500.0,6140625.0,1.38
3,2022-01-01,1,Fee/NAV Update,0.0,-142187.5,0.0,0.0,6333333.33,1.39
3,2022-04-01,2,Fee/NAV Update,0.0,-142187.5,0.0,0.0,6526041.67,1.4
3,2022-07-01,3,Fee/NAV Update,0.0,-142187.5,0.0,0.0,6718750.0,1.41
3,2022-10-01,4,Fee/NAV Update,0.0,-142187.5,0.0,0.0,6911458.33,1.43
3,2023-01-01,1,Distribution,0.0,-142187.5,812500.0,487500.0,7104166.67,1.44
3,2023-04-01,2,Fee/NAV Update,0.0,-142187.5,0.0,0.0,7296875.0,1.45
3,2023-07-01,3,Fee/NAV Update,0.0,-142187.5,0.0,0.0,7489583.33,1.46
3,2023-10-01,4,Fee/NAV Update,0.0,-142187.5,0.0,0.0,7682291.67,1.47
3,2024-01-01,1,Fee/NAV Update,0.0,-142187.5,0.0,0.0,7875000.0,1.48
3,2024-04-01,2,Distribution,0.0,-142187.5,812500.0,487500.0,8067708.33,1.5
3,2024-07-01,3,Fee/NAV Update,0.0,-142187.5,0.0,0.0,8260416.67,1.51
3,2024-10-01,4,Fee/NAV Update,0.0,-142187.5,0.0,0.0,8453125.0,1.52
3,2025-01-01,1,Fee/NAV Update,0.0,-142187.5,0.0,0.0,8645833.33,1.53
3,2025-04-01,2,Fee/NAV Update,0.0,-142187.5,0.0,0.0,8838541.67,1.54
3,2025-07-01,3,Distribution,0.0,-142187.5,812500.0,487500.0,9031250.0,1.56
3,2025-10-01,4,Fee/NAV Update,0.0,-142187.5,0.0,0.0,9223958.33,1.57
4,2017-04-01,2,Capital Call,-580000.0,-36250.0,0.0,0.0,1165576.92,3.01
4,2017-07-01,3,Capital Call,-580000.0,-36250.0,0.0,0.0,1182307.69,2.02
4,2017-10-01,4,Capital Call,-580000.0,-36250.0,0.0,0.0,1210192.31,1.7
4,2018-01-01,1,Capital Call,-580000.0,-36250.0,0.0,0.0,1249230.77,1.54
4,2018-04-01,2,Capital Call,-580000.0,-36250.0,0.0,0.0,1299423.08,1.45
4,2018-07-01,3,Capital Call,-580000.0,-36250.0,0.0,0.0,1360769.23,1.39
4,2018-10-01,4,Capital Call,-580000.0,-36250.0,0.0,0.0,1433269.23,1.35
4,2019-01-01,1,Capital Call,-580000.0,-36250.0,0.0,0.0,1516923.08,1.33
4,2019-04-01,2,Capital Call,-580000.0,-36250.0,0.0,0.0,1611730.77,1.31
4,2019-07-01,3,Capital Call,-580000.0,-36250.0,0.0,0.0,1717692.31,1.3
4,2019-10-01,4,Fee/NAV Update,0.0,-36250.0,0.0,0.0,1773461.54,1.31
4,2020-01-01,1,Fee/NAV Update,0.0,-36250.0,0.0,0.0,1829230.77,1.32
4,2020-04-01,2,Fee/NAV Update,0.0,-36250.0,0.0,0.0,1885000.0,1.32
4,2020-07-01,3,Fee/NAV Update,0.0,-36250.0,0.0,0.0,1940769.23,1.33
4,2020-10-01,4,Distribution,0.0,-36250.0,290000.0,174000.0,1996538.46,1.34
4,2021-01-01,1,Fee/NAV Update,0.0,-36250.0,0.0,0.0,2052307.69,1.35
4,2021-04-01,2,Fee/NAV Update,0.0,-36250.0,0.0,0.0,2108076.92,1.36
4,2021-07-01,3,Fee/NAV Update,0.0,-36250.0,0.0,0.0,2163846.15,1.37
4,2021-10-01,4,Fee/NAV Update,0.0,-36250.0,0.0,0.0,2219615.38,1.38
4,2022-01-01,1,Distribution,0.0,-36250.0,290000.0,174000.0,2275384.62,1.39
4,2022-04-01,2,Fee/NAV Update,0.0,-36250.0,0.0,0.0,2331153.85,1.4
4,2022-07-01,3,Fee/NAV Update,0.0,-36250.0,0.0,0.0,2386923.08,1.41
4,2022-10-01,4,Fee/NAV Update,0.0,-36250.0,0.0,0.0,2442692.31,1.42
4,2023-01-01,1,Fee/NAV Update,0.0,-36250.0,0.0,0.0,2498461.54,1.43
4,2023-04-01,2,Distribution,0.0,-36250.0,290000.0,174000.0,2554230.77,1.44
4,2023-07-01,3,Fee/NAV Update,0.0,-36250.0,0.0,0.0,2610000.0,1.45
4,2023-10-01,4,Fee/NAV Update,0.0,-36250.0,0.0,0.0,2665769.23,1.46
4,2024-01-01,1,Fee/NAV Update,0.0,-36250.0,0.0,0.0,2721538.46,1.47
4,2024-04-01,2,Fee/NAV Update,0.0,-36250.0,0.0,0.0,2777307.69,1.48
4,2024-07-01,3,Distribution,0.0,-36250.0,290000.0,174000.0,2833076.92,1.49
4,2024-10-01,4,Fee/NAV Update,0.0,-36250.0,0.0,0.0,2888846.15,1.5
4,2025-01-01,1,Fee/NAV Update,0.0,-36250.0,0.0,0.0,2944615.38,1.51
4,2025-04-01,2,Fee/NAV Update,0.0,-36250.0,0.0,0.0,3000384.62,1.52
4,2025-07-01,3,Fee/NAV Update,0.0,-36250.0,0.0,0.0,3056153.85,1.53
4,2025-10-01,4,Distribution,0.0,-36250.0,290000.0,174000.0,3111923.08,1.54
5,2020-04-01,2,Capital Call,-358333.33,-9675.0,0.0,0.0,433100.96,2.21
5,2020-07-01,3,Capital Call,-358333.33,-9675.0,0.0,0.0,442403.85,1.62
5,2020-10-01,4,Capital Call,-358333.33,-9675.0,0.0,0.0,457908.65,1.43
5,2021-01-01,1,Capital Call,-358333.33,-9675.0,0.0,0.0,479615.38,1.33
5,2021-04-01,2,Capital Call,-358333.33,-9675.0,0.0,0.0,507524.04,1.28
5,2021-07-01,3,Capital Call,-358333.33,-9675.0,0.0,0.0,541634.62,1.25
5,2021-10-01,4,Fee/NAV Update,0.0,-9675.0,0.0,0.0,560240.38,1.26
5,2022-01-01,1,Fee/NAV Update,0.0,-9675.0,0.0,0.0,578846.15,1.27
5,2022-04-01,2,Fee/NAV Update,0.0,-9675.0,0.0,0.0,597451.92,1.28
5,2022-07-01,3,Distribution,0.0,-9675.0,107500.0,64500.0,616057.69,1.29
5,2022-10-01,4,Fee/NAV Update,0.0,-9675.0,0.0,0.0,634663.46,1.3
5,2023-01-01,1,Fee/NAV Update,0.0,-9675.0,0.0,0.0,653269.23,1.3
5,2023-04-01,2,Fee/NAV Update,0.0,-9675.0,0.0,0.0,671875.0,1.31
5,2023-07-01,3,Fee/NAV Update,0.0,-9675.0,0.0,0.0,690480.77,1.32
5,2023-10-01,4,Distribution,0.0,-9675.0,107500.0,64500.0,709086.54,1.33
5,2024-01-01,1,Fee/NAV Update,0.0,-9675.0,0.0,0.0,727692.31,1.34
5,2024-04-01,2,Fee/NAV Update,0.0,-9675.0,0.0,0.0,746298.08,1.35
5,2024-07-01,3,Fee/NAV Update,0.0,-9675.0,0.0,0.0,764903.85,1.36
5,2024-10-01,4,Fee/NAV Update,0.0,-9675.0,0.0,0.0,783509.62,1.36
5,2025-01-01,1,Distribution,0.0,-9675.0,107500.0,64500.0,802115.38,1.37
5,2025-04-01,2,Fee/NAV Update,0.0,-9675.0,0.0,0.0,820721.15,1.38
5,2025-07-01,3,Fee/NAV Update,0.0,-9675.0,0.0,0.0,839326.92,1.39
5,2025-10-01,4,Fee/NAV Update,0.0,-9675.0,0.0,0.0,857932.69,1.4
6,2024-04-01,2,Capital Call,-120833.33,-12687.5,0.0,0.0,291432.96,3.41
6,2024-07-01,3,Capital Call,-120833.33,-12687.5,0.0,0.0,295731.84,2.22
6,2024-10-01,4,Capital Call,-120833.33,-12687.5,0.0,0.0,302896.63,1.84
6,2025-01-01,1,Capital Call,-120833.33,-12687.5,0.0,0.0,312927.35,1.65
6,2025-04-01,2,Capital Call,-120833.33,-12687.5,0.0,0.0,325823.99,1.54
6,2025-07-01,3,Capital Call,-120833.33,-12687.5,0.0,0.0,341586.54,1.47
6,2025-10-01,4,Capital Call,-120833.33,-12687.5,0.0,0.0,360215.01,1.43
7,2019-04-01,2,Capital Call,-304166.67,-31937.5,0.0,0.0,733607.1,3.41
7,2019-07-01,3,Capital Call,-304166.67,-31937.5,0.0,0.0,744428.42,2.22
7,2019-10-01,4,Capital Call,-304166.67,-31937.5,0.0,0.0,762463.94,1.84
7,2020-01-01,1,Capital Call,-304166.67,-31937.5,0.0,0.0,787713.68,1.65
7,2020-04-01,2,Capital Call,-304166.67,-31937.5,0.0,0.0,820177.62,1.54
7,2020-07-01,3,Capital Call,-304166.67,-31937.5,0.0,0.0,859855.77,1.47
7,2020-10-01,4,Capital Call,-304166.67,-31937.5,0.0,0.0,906748.13,1.43
7,2021-01-01,1,Capital Call,-304166.67,-31937.5,0.0,0.0,960854.7,1.39
7,2021-04-01,2,Capital Call,-304166.67,-31937.5,0.0,0.0,1022175.48,1.37
7,2021-07-01,3,Capital Call,-304166.67,-31937.5,0.0,0.0,1090710.47,1.36
7,2021-10-01,4,Capital Call,-304166.67,-31937.5,0.0,0.0,1166459.67,1.35
7,2022-01-01,1,Capital Call,-304166.67,-31937.5,0.0,0.0,1249423.08,1.34
7,2022-04-01,2,Fee/NAV Update,0.0,-31937.5,0.0,0.0,1292708.33,1.35
7,2022-07-01,3,Fee/NAV Update,0.0,-31937.5,0.0,0.0,1335993.59,1.37
7,2022-10-01,4,Distribution,0.0,-31937.5,182500.0,109500.0,1379278.85,1.38
7,2023-01-01,1,Fee/NAV Update,0.0,-31937.5,0.0,0.0,1422564.1,1.39
7,2023-04-01,2,Fee/NAV Update,0.0,-31937.5,0.0,0.0,1465849.36,1.4
7,2023-07-01,3,Fee/NAV Update,0.0,-31937.5,0.0,0.0,1509134.62,1.41
7,2023-10-01,4,Fee/NAV Update,0.0,-31937.5,0.0,0.0,1552419.87,1.43
7,2024-01-01,1,Distribution,0.0,-31937.5,182500.0,109500.0,1595705.13,1.44
7,2024-04-01,2,Fee/NAV Update,0.0,-31937.5,0.0,0.0,1638990.38,1.45
7,2024-07-01,3,Fee/NAV Update,0.0,-31937.5,0.0,0.0,1682275.64,1.46
7,2024-10-01,4,Fee/NAV Update,0.0,-31937.5,0.0,0.0,1725560.9,1.47
7,2025-01-01,1,Fee/NAV Update,0.0,-31937.5,0.0,0.0,1768846.15,1.48
7,2025-04-01,2,Distribution,0.0,-31937.5,182500.0,109500.0,1812131.41,1.5
7,2025-07-01,3,Fee/NAV Update,0.0,-31937.5,0.0,0.0,1855416.67,1.51
7,2025-10-01,4,Fee/NAV Update,0.0,-31937.5,0.0,0.0,1898701.92,1.52
8,2022-04-01,2,Capital Call,-354166.67,-37187.5,0.0,0.0,854200.05,3.41
8,2022-07-01,3,Capital Call,-354166.67,-37187.5,0.0,0.0,866800.21,2.22
8,2022-10-01,4,Capital Call,-354166.67,-37187.5,0.0,0.0,887800.48,1.84
8,2023-01-01,1,Capital Call,-354166.67,-37187.5,0.0,0.0,917200.85,1.65
8,2023-04-01,2,Capital Call,-354166.67,-37187.5,0.0,0.0,955001.34,1.54
8,2023-07-01,3,Capital Call,-354166.67,-37187.5,0.0,0.0,1001201.92,1.47
8,2023-10-01,4,Capital Call,-354166.67,-37187.5,0.0,0.0,1055802.62,1.43
8,2024-01-01,1,Capital Call,-354166.67,-37187.5,0.0,0.0,1118803.42,1.39
8,2024-04-01,2,Capital Call,-354166.67,-37187.5,0.0,0.0,1190204.33,1.37
8,2024-07-01,3,Capital Call,-354166.67,-37187.5,0.0,0.0,1270005.34,1.36
8,2024-10-01,4,Capital Call,-354166.67,-37187.5,0.0,0.0,1358206.46,1.35
8,2025-01-01,1,Capital Call,-354166.67,-37187.5,0.0,0.0,1454807.69,1.34
8,2025-04-01,2,Fee/NAV Update,0.0,-37187.5,0.0,0.0,1505208.33,1.35
8,2025-07-01,3,Fee/NAV Update,0.0,-37187.5,0.0,0.0,1555608.97,1.37
8,2025-10-01,4,Distribution,0.0,-37187.5,212500.0,127500.0,1606009.62,1.38
9,2024-04-01,2,Capital Call,-21875.0,-3500.0,0.0,0.0,70385.62,4.22
9,2024-07-01,3,Capital Call,-21875.0,-3500.0,0.0,0.0,71542.47,2.64
9,2024-10-01,4,Capital Call,-21875.0,-3500.0,0.0,0.0,73470.55,2.12
9,2025-01-01,1,Capital Call,-21875.0,-3500.0,0.0,0.0,76169.87,1.87
9,2025-04-01,2,Capital Call,-21875.0,-3500.0,0.0,0.0,79640.42,1.73
9,2025-07-01,3,Capital Call,-21875.0,-3500.0,0.0,0.0,83882.21,1.64
9,2025-10-01,4,Capital Call,-21875.0,-3500.0,0.0,0.0,88895.23,1.58
10,2016-04-01,2,Capital Call,-1281250.0,-76875.0,0.0,0.0,2063141.03,2.61
10,2016-07-01,3,Capital Call,-1281250.0,-76875.0,0.0,0.0,2102564.1,1.82
10,2016-10-01,4,Capital Call,-1281250.0,-76875.0,0.0,0.0,2168269.23,1.56
10,2017-01-01,1,Capital Call,-1281250.0,-76875.0,0.0,0.0,2260256.41,1.44
10,2017-04-01,2,Capital Call,-1281250.0,-76875.0,0.0,0.0,2378525.64,1.37
10,2017-07-01,3,Capital Call,-1281250.0,-76875.0,0.0,0.0,2523076.92,1.33
10,2017-10-01,4,Capital Call,-1281250.0,-76875.0,0.0,0.0,2693910.26,1.3
10,2018-01-01,1,Capital Call,-1281250.0,-76875.0,0.0,0.0,2891025.64,1.28
10,2018-04-01,2,Fee/NAV Update,0.0,-76875.0,0.0,0.0,2996153.85,1.29
10,2018-07-01,3,Distribution,0.0,-76875.0,512500.0,307500.0,3101282.05,1.3
10,2018-10-01,4,Fee/NAV Update,0.0,-76875.0,0.0,0.0,3206410.26,1.31
10,2019-01-01,1,Fee/NAV Update,0.0,-76875.0,0.0,0.0,3311538.46,1.32
10,2019-04-01,2,Fee/NAV Update,0.0,-76875.0,0.0,0.0,3416666.67,1.33
10,2019-07-01,3,Fee/NAV Update,0.0,-76875.0,0.0,0.0,3521794.87,1.34
10,2019-10-01,4,Distribution,0.0,-76875.0,512500.0,307500.0,3626923.08,1.35
10,2020-01-01,1,Fee/NAV Update,0.0,-76875.0,0.0,0.0,3732051.28,1.36
10,2020-04-01,2,Fee/NAV Update,0.0,-76875.0,0.0,0.0,3837179.49,1.37
10,2020-07-01,3,Fee/NAV Update,0.0,-76875.0,0.0,0.0,3942307.69,1.38
10,2020-10-01,4,Fee/NAV Update,0.0,-76875.0,0.0,0.0,4047435.9,1.39
10,2021-01-01,1,Distribution,0.0,-76875.0,512500.0,307500.0,4152564.1,1.41
10,2021-04-01,2,Fee/NAV Update,0.0,-76875.0,0.0,0.0,4257692.31,1.42
10,2021-07-01,3,Fee/NAV Update,0.0,-76875.0,0.0,0.0,4362820.51,1.43
10,2021-10-01,4,Fee/NAV Update,0.0,-76875.0,0.0,0.0,4467948.72,1.44
10,2022-01-01,1,Fee/NAV Update,0.0,-76875.0,0.0,0.0,4573076.92,1.45
10,2022-04-01,2,Distribution,0.0,-76875.0,512500.0,307500.0,4678205.13,1.46
10,2022-07-01,3,Fee/NAV Update,0.0,-76875.0,0.0,0.0,4783333.33,1.47
10,2022-10-01,4,Fee/NAV Update,0.0,-76875.0,0.0,0.0,4888461.54,1.48
10,2023-01-01,1,Fee/NAV Update,0.0,-76875.0,0.0,0.0,4993589.74,1.49
10,2023-04-01,2,Fee/NAV Update,0.0,-76875.0,0.0,0.0,5098717.95,1.5
10,2023-07-01,3,Distribution,0.0,-76875.0,512500.0,307500.0,5203846.15,1.51
10,2023-10-01,4,Fee/NAV Update,0.0,-76875.0,0.0,0.0,5308974.36,1.52
10,2024-01-01,1,Fee/NAV Update,0.0,-76875.0,0.0,0.0,5414102.56,1.53
10,2024-04-01,2,Fee/NAV Update,0.0,-76875.0,0.0,0.0,5519230.77,1.54
10,2024-07-01,3,Fee/NAV Update,0.0,-76875.0,0.0,0.0,5624358.97,1.55
10,2024-10-01,4,Distribution,0.0,-76875.0,512500.0,307500.0,5729487.18,1.56
10,2025-01-01,1,Fee/NAV Update,0.0,-76875.0,0.0,0.0,5834615.38,1.57
10,2025-04-01,2,Fee/NAV Update,0.0,-76875.0,0.0,0.0,5939743.59,1.58
10,2025-07-01,3,Fee/NAV Update,0.0,-76875.0,0.0,0.0,6044871.79,1.59
10,2025-10-01,4,Fee/NAV Update,0.0,-76875.0,0.0,0.0,6150000.0,1.6
11,2023-04-01,2,Capital Call,-96875.0,-15500.0,0.0,0.0,311707.73,4.22
11,2023-07-01,3,Capital Call,-96875.0,-15500.0,0.0,0.0,316830.93,2.64
11,2023-10-01,4,Capital Call,-96875.0,-15500.0,0.0,0.0,325369.59,2.12
11,2024-01-01,1,Capital Call,-96875.0,-15500.0,0.0,0.0,337323.72,1.87
11,2024-04-01,2,Capital Call,-96875.0,-15500.0,0.0,0.0,352693.31,1.73
11,2024-07-01,3,Capital Call,-96875.0,-15500.0,0.0,0.0,371478.37,1.64
11,2024-10-01,4,Capital Call,-96875.0,-15500.0,0.0,0.0,393678.89,1.58
11,2025-01-01,1,Capital Call,-96875.0,-15500.0,0.0,0.0,419294.87,1.54
11,2025-04-01,2,Capital Call,-96875.0,-15500.0,0.0,0.0,448326.32,1.51
11,2025-07-01,3,Capital Call,-96875.0,-15500.0,0.0,0.0,480773.24,1.5
11,2025-10-01,4,Capital Call,-96875.0,-15500.0,0.0,0.0,516635.62,1.48
12,2022-04-01,2,Capital Call,-491666.67,-13275.0,0.0,0.0,594254.81,2.21
12,2022-07-01,3,Capital Call,-491666.67,-13275.0,0.0,0.0,607019.23,1.62
12,2022-10-01,4,Capital Call,-491666.67,-13275.0,0.0,0.0,628293.27,1.43
12,2023-01-01,1,Capital Call,-491666.67,-13275.0,0.0,0.0,658076.92,1.33
12,2023-04-01,2,Capital Call,-491666.67,-13275.0,0.0,0.0,696370.19,1.28
12,2023-07-01,3,Capital Call,-491666.67,-13275.0,0.0,0.0,743173.08,1.25
12,2023-10-01,4,Fee/NAV Update,0.0,-13275.0,0.0,0.0,768701.92,1.26
12,2024-01-01,1,Fee/NAV Update,0.0,-13275.0,0.0,0.0,794230.77,1.27
12,2024-04-01,2,Fee/NAV Update,0.0,-13275.0,0.0,0.0,819759.62,1.28
12,2024-07-01,3,Distribution,0.0,-13275.0,147500.0,88500.0,845288.46,1.29
12,2024-10-01,4,Fee/NAV Update,0.0,-13275.0,0.0,0.0,870817.31,1.3
12,2025-01-01,1,Fee/NAV Update,0.0,-13275.0,0.0,0.0,896346.15,1.3
12,2025-04-01,2,Fee/NAV Update,0.0,-13275.0,0.0,0.0,921875.0,1.31
12,2025-07-01,3,Fee/NAV Update,0.0,-13275.0,0.0,0.0,947403.85,1.32
12,2025-10-01,4,Distribution,0.0,-13275.0,147500.0,88500.0,972932.69,1.33
13,2020-04-01,2,Capital Call,-612500.0,-64312.5,0.0,0.0,1477263.62,3.41
13,2020-07-01,3,Capital Call,-612500.0,-64312.5,0.0,0.0,1499054.49,2.22
13,2020-10-01,4,Capital Call,-612500.0,-64312.5,0.0,0.0,1535372.6,1.84
13,2021-01-01,1,Capital Call,-612500.0,-64312.5,0.0,0.0,1586217.95,1.65
13,2021-04-01,2,Capital Call,-612500.0,-64312.5,0.0,0.0,1651590.54,1.54
13,2021-07-01,3,Capital Call,-612500.0,-64312.5,0.0,0.0,1731490.38,1.47
13,2021-10-01,4,Capital Call,-612500.0,-64312.5,0.0,0.0,1825917.47,1.43
13,2022-01-01,1,Capital Call,-612500.0,-64312.5,0.0,0.0,1934871.79,1.39
13,2022-04-01,2,Capital Call,-612500.0,-64312.5,0.0,0.0,2058353.37,1.37
13,2022-07-01,3,Capital Call,-612500.0,-64312.5,0.0,0.0,2196362.18,1.36
13,2022-10-01,4,Capital Call,-612500.0,-64312.5,0.0,0.0,2348898.24,1.35
13,2023-01-01,1,Capital Call,-612500.0,-64312.5,0.0,0.0,2515961.54,1.34
13,2023-04-01,2,Fee/NAV Update,0.0,-64312.5,0.0,0.0,2603125.0,1.35
13,2023-07-01,3,Fee/NAV Update,0.0,-64312.5,0.0,0.0,2690288.46,1.37
13,2023-10-01,4,Distribution,0.0,-64312.5,367500.0,220500.0,2777451.92,1.38
13,2024-01-01,1,Fee/NAV Update,0.0,-64312.5,0.0,0.0,2864615.38,1.39
13,2024-04-01,2,Fee/NAV Update,0.0,-64312.5,0.0,0.0,2951778.85,1.4
13,2024-07-01,3,Fee/NAV Update,0.0,-64312.5,0.0,0.0,3038942.31,1.41
13,2024-10-01,4,Fee/NAV Update,0.0,-64312.5,0.0,0.0,3126105.77,1.43
13,2025-01-01,1,Distribution,0.0,-64312.5,367500.0,220500.0,3213269.23,1.44
13,2025-04-01,2,Fee/NAV Update,0.0,-64312.5,0.0,0.0,3300432.69,1.45
13,2025-07-01,3,Fee/NAV Update,0.0,-64312.5,0.0,0.0,3387596.15,1.46
13,2025-10-01,4,Fee/NAV Update,0.0,-64312.5,0.0,0.0,3474759.62,1.47
14,2019-04-01,2,Capital Call,-87500.0,-14000.0,0.0,0.0,281542.47,4.22
14,2019-07-01,3,Capital Call,-87500.0,-14000.0,0.0,0.0,286169.87,2.64
14,2019-10-01,4,Capital Call,-87500.0,-14000.0,0.0,0.0,293882.21,2.12
14,2020-01-01,1,Capital Call,-87500.0,-14000.0,0.0,0.0,304679.49,1.87
14,2020-04-01,2,Capital Call,-87500.0,-14000.0,0.0,0.0,318561.7,1.73
14,2020-07-01,3,Capital Call,-87500.0,-14000.0,0.0,0.0,335528.85,1.64
14,2020-10-01,4,Capital Call,-87500.0,-14000.0,0.0,0.0,355580.93,1.58
14,2021-01-01,1,Capital Call,-87500.0,-14000.0,0.0,0.0,378717.95,1.54
14,2021-04-01,2,Capital Call,-87500.0,-14000.0,0.0,0.0,404939.9,1.51
14,2021-07-01,3,Capital Call,-87500.0,-14000.0,0.0,0.0,434246.79,1.5
14,2021-10-01,4,Capital Call,-87500.0,-14000.0,0.0,0.0,466638.62,1.48
14,2022-01-01,1,Capital Call,-87500.0,-14000.0,0.0,0.0,502115.38,1.48
14,2022-04-01,2,Capital Call,-87500.0,-14000.0,0.0,0.0,540677.08,1.48
14,2022-07-01,3,Capital Call,-87500.0,-14000.0,0.0,0.0,582323.72,1.48
14,2022-10-01,4,Capital Call,-87500.0,-14000.0,0.0,0.0,627055.29,1.48
14,2023-01-01,1,Capital Call,-87500.0,-14000.0,0.0,0.0,674871.79,1.48
14,2023-04-01,2,Fee/NAV Update,0.0,-14000.0,0.0,0.0,699551.28,1.5
14,2023-07-01,3,Fee/NAV Update,0.0,-14000.0,0.0,0.0,724230.77,1.52
14,2023-10-01,4,Fee/NAV Update,0.0,-14000.0,0.0,0.0,748910.26,1.53
14,2024-01-01,1,Distribution,0.0,-14000.0,70000.0,42000.0,773589.74,1.55
14,2024-04-01,2,Fee/NAV Update,0.0,-14000.0,0.0,0.0,798269.23,1.57
14,2024-07-01,3,Fee/NAV Update,0.0,-14000.0,0.0,0.0,822948.72,1.59
14,2024-10-01,4,Fee/NAV Update,0.0,-14000.0,0.0,0.0,847628.21,1.61
14,2025-01-01,1,Fee/NAV Update,0.0,-14000.0,0.0,0.0,872307.69,1.62
14,2025-04-01,2,Distribution,0.0,-14000.0,70000.0,42000.0,896987.18,1.64
14,2025-07-01,3,Fee/NAV Update,0.0,-14000.0,0.0,0.0,921666.67,1.66
14,2025-10-01,4,Fee/NAV Update,0.0,-14000.0,0.0,0.0,946346.15,1.68
15,2018-04-01,2,Capital Call,-625000.0,-39062.5,0.0,0.0,1256009.62,3.01
15,2018-07-01,3,Capital Call,-625000.0,-39062.5,0.0,0.0,1274038.46,2.02
15,2018-10-01,4,Capital Call,-625000.0,-39062.5,0.0,0.0,1304086.54,1.7
15,2019-01-01,1,Capital Call,-625000.0,-39062.5,0.0,0.0,1346153.85,1.54
15,2019-04-01,2,Capital Call,-625000.0,-39062.5,0.0,0.0,1400240.38,1.45
15,2019-07-01,3,Capital Call,-625000.0,-39062.5,0.0,0.0,1466346.15,1.39
15,2019-10-01,4,Capital Call,-625000.0,-39062.5,0.0,0.0,1544471.15,1.35
15,2020-01-01,1,Capital Call,-625000.0,-39062.5,0.0,0.0,1634615.38,1.33
15,2020-04-01,2,Capital Call,-625000.0,-39062.5,0.0,0.0,1736778.85,1.31
15,2020-07-01,3,Capital Call,-625000.0,-39062.5,0.0,0.0,1850961.54,1.3
15,2020-10-01,4,Fee/NAV Update,0.0,-39062.5,0.0,0.0,1911057.69,1.31
15,2021-01-01,1,Fee/NAV Update,0.0,-39062.5,0.0,0.0,1971153.85,1.32
15,2021-04-01,2,Fee/NAV Update,0.0,-39062.5,0.0,0.0,2031250.0,1.32
15,2021-07-01,3,Fee/NAV Update,0.0,-39062.5,0.0,0.0,2091346.15,1.33
15,2021-10-01,4,Distribution,0.0,-39062.5,312500.0,187500.0,2151442.31,1.34
15,2022-01-01,1,Fee/NAV Update,0.0,-39062.5,0.0,0.0,2211538.46,1.35
15,2022-04-01,2,Fee/NAV Update,0.0,-39062.5,0.0,0.0,2271634.62,1.36
15,2022-07-01,3,Fee/NAV Update,0.0,-39062.5,0.0,0.0,2331730.77,1.37
15,2022-10-01,4,Fee/NAV Update,0.0,-39062.5,0.0,0.0,2391826.92,1.38
15,2023-01-01,1,Distribution,0.0,-39062.5,312500.0,187500.0,2451923.08,1.39
15,2023-04-01,2,Fee/NAV Update,0.0,-39062.5,0.0,0.0,2512019.23,1.4
15,2023-07-01,3,Fee/NAV Update,0.0,-39062.5,0.0,0.0,2572115.38,1.41
15,2023-10-01,4,Fee/NAV Update,0.0,-39062.5,0.0,0.0,2632211.54,1.42
15,2024-01-01,1,Fee/NAV Update,0.0,-39062.5,0.0,0.0,2692307.69,1.43
15,2024-04-01,2,Distribution,0.0,-39062.5,312500.0,187500.0,2752403.85,1.44
15,2024-07-01,3,Fee/NAV Update,0.0,-39062.5,0.0,0.0,2812500.0,1.45
15,2024-10-01,4,Fee/NAV Update,0.0,-39062.5,0.0,0.0,2872596.15,1.46
15,2025-01-01,1,Fee/NAV Update,0.0,-39062.5,0.0,0.0,2932692.31,1.47
15,2025-04-01,2,Fee/NAV Update,0.0,-39062.5,0.0,0.0,2992788.46,1.48
15,2025-07-01,3,Distribution,0.0,-39062.5,312500.0,187500.0,3052884.62,1.49
15,2025-10-01,4,Fee/NAV Update,0.0,-39062.5,0.0,0.0,3112980.77,1.5
16,2024-04-01,2,Capital Call,-200000.0,-21000.0,0.0,0.0,482371.79,3.41
16,2024-07-01,3,Capital Call,-200000.0,-21000.0,0.0,0.0,489487.18,2.22
16,2024-10-01,4,Capital Call,-200000.0,-21000.0,0.0,0.0,501346.15,1.84
16,2025-01-01,1,Capital Call,-200000.0,-21000.0,0.0,0.0,517948.72,1.65
16,2025-04-01,2,Capital Call,-200000.0,-21000.0,0.0,0.0,539294.87,1.54
16,2025-07-01,3,Capital Call,-200000.0,-21000.0,0.0,0.0,565384.62,1.47
16,2025-10-01,4,Capital Call,-200000.0,-21000.0,0.0,0.0,596217.95,1.43
17,2021-04-01,2,Capital Call,-2187500.0,-131250.0,0.0,0.0,3522435.9,2.61
17,2021-07-01,3,Capital Call,-2187500.0,-131250.0,0.0,0.0,3589743.59,1.82
17,2021-10-01,4,Capital Call,-2187500.0,-131250.0,0.0,0.0,3701923.08,1.56
17,2022-01-01,1,Capital Call,-2187500.0,-131250.0,0.0,0.0,3858974.36,1.44
17,2022-04-01,2,Capital Call,-2187500.0,-131250.0,0.0,0.0,4060897.44,1.37
17,2022-07-01,3,Capital Call,-2187500.0,-131250.0,0.0,0.0,4307692.31,1.33
17,2022-10-01,4,Capital Call,-2187500.0,-131250.0,0.0,0.0,4599358.97,1.3
17,2023-01-01,1,Capital Call,-2187500.0,-131250.0,0.0,0.0,4935897.44,1.28
17,2023-04-01,2,Fee/NAV Update,0.0,-131250.0,0.0,0.0,5115384.62,1.29
17,2023-07-01,3,Distribution,0.0,-131250.0,875000.0,525000.0,5294871.79,1.3
17,2023-10-01,4,Fee/NAV Update,0.0,-131250.0,0.0,0.0,5474358.97,1.31
17,2024-01-01,1,Fee/NAV Update,0.0,-131250.0,0.0,0.0,5653846.15,1.32
17,2024-04-01,2,Fee/NAV Update,0.0,-131250.0,0.0,0.0,5833333.33,1.33
17,2024-07-01,3,Fee/NAV Update,0.0,-131250.0,0.0,0.0,6012820.51,1.34
17,2024-10-01,4,Distribution,0.0,-131250.0,875000.0,525000.0,6192307.69,1.35
17,2025-01-01,1,Fee/NAV Update,0.0,-131250.0,0.0,0.0,6371794.87,1.36
17,2025-04-01,2,Fee/NAV Update,0.0,-131250.0,0.0,0.0,6551282.05,1.37
17,2025-07-01,3,Fee/NAV Update,0.0,-131250.0,0.0,0.0,6730769.23,1.38
17,2025-10-01,4,Fee/NAV Update,0.0,-131250.0,0.0,0.0,6910256.41,1.39
18,2022-04-01,2,Capital Call,-2300000.0,-46000.0,0.0,0.0,1865064.1,1.81
18,2022-07-01,3,Capital Call,-2300000.0,-46000.0,0.0,0.0,1940256.41,1.42
18,2022-10-01,4,Capital Call,-2300000.0,-46000.0,0.0,0.0,2065576.92,1.3
18,2023-01-01,1,Capital Call,-2300000.0,-46000.0,0.0,0.0,2241025.64,1.24
18,2023-04-01,2,Distribution,0.0,-46000.0,460000.0,276000.0,2341282.05,1.25
18,2023-07-01,3,Fee/NAV Update,0.0,-46000.0,0.0,0.0,2441538.46,1.27
18,2023-10-01,4,Fee/NAV Update,0.0,-46000.0,0.0,0.0,2541794.87,1.28
18,2024-01-01,1,Fee/NAV Update,0.0,-46000.0,0.0,0.0,2642051.28,1.29
18,2024-04-01,2,Fee/NAV Update,0.0,-46000.0,0.0,0.0,2742307.69,1.3
18,2024-07-01,3,Distribution,0.0,-46000.0,460000.0,276000.0,2842564.1,1.31
18,2024-10-01,4,Fee/NAV Update,0.0,-46000.0,0.0,0.0,2942820.51,1.32
18,2025-01-01,1,Fee/NAV Update,0.0,-46000.0,0.0,0.0,3043076.92,1.33
18,2025-04-01,2,Fee/NAV Update,0.0,-46000.0,0.0,0.0,3143333.33,1.34
18,2025-07-01,3,Fee/NAV Update,0.0,-46000.0,0.0,0.0,3243589.74,1.35
18,2025-10-01,4,Distribution,0.0,-46000.0,460000.0,276000.0,3343846.15,1.36
19,2023-04-01,2,Capital Call,-335000.0,-20937.5,0.0,0.0,673221.15,3.01
19,2023-07-01,3,Capital Call,-335000.0,-20937.5,0.0,0.0,682884.62,2.02
19,2023-10-01,4,Capital Call,-335000.0,-20937.5,0.0,0.0,698990.38,1.7
19,2024-01-01,1,Capital Call,-335000.0,-20937.5,0.0,0.0,721538.46,1.54
19,2024-04-01,2,Capital Call,-335000.0,-20937.5,0.0,0.0,750528.85,1.45
19,2024-07-01,3,Capital Call,-335000.0,-20937.5,0.0,0.0,785961.54,1.39
19,2024-10-01,4,Capital Call,-335000.0,-20937.5,0.0,0.0,827836.54,1.35
19,2025-01-01,1,Capital Call,-335000.0,-20937.5,0.0,0.0,876153.85,1.33
19,2025-04-01,2,Capital Call,-335000.0,-20937.5,0.0,0.0,930913.46,1.31
19,2025-07-01,3,Capital Call,-335000.0,-20937.5,0.0,0.0,992115.38,1.3
19,2025-10-01,4,Fee/NAV Update,0.0,-20937.5,0.0,0.0,1024326.92,1.31
20,2020-04-01,2,Capital Call,-379166.67,-39812.5,0.0,0.0,914496.53,3.41
20,2020-07-01,3,Capital Call,-379166.67,-39812.5,0.0,0.0,927986.11,2.22
20,2020-10-01,4,Capital Call,-379166.67,-39812.5,0.0,0.0,950468.75,1.84
20,2021-01-01,1,Capital Call,-379166.67,-39812.5,0.0,0.0,981944.44,1.65
20,2021-04-01,2,Capital Call,-379166.67,-39812.5,0.0,0.0,1022413.19,1.54
20,2021-07-01,3,Capital Call,-379166.67,-39812.5,0.0,0.0,1071875.0,1.47
20,2021-10-01,4,Capital Call,-379166.67,-39812.5,0.0,0.0,1130329.86,1.43
20,2022-01-01,1,Capital Call,-379166.67,-39812.5,0.0,0.0,1197777.78,1.39
20,2022-04-01,2,Capital Call,-379166.67,-39812.5,0.0,0.0,1274218.75,1.37
20,2022-07-01,3,Capital Call,-379166.67,-39812.5,0.0,0.0,1359652.78,1.36
20,2022-10-01,4,Capital Call,-379166.67,-39812.5,0.0,0.0,1454079.86,1.35
20,2023-01-01,1,Capital Call,-379166.67,-39812.5,0.0,0.0,1557500.0,1.34
20,2023-04-01,2,Fee/NAV Update,0.0,-39812.5,0.0,0.0,1611458.33,1.35
20,2023-07-01,3,Fee/NAV Update,0.0,-39812.5,0.0,0.0,1665416.67,1.37
20,2023-10-01,4,Distribution,0.0,-39812.5,227500.0,136500.0,1719375.0,1.38
20,2024-01-01,1,Fee/NAV Update,0.0,-39812.5,0.0,0.0,1773333.33,1.39
20,2024-04-01,2,Fee/NAV Update,0.0,-39812.5,0.0,0.0,1827291.67,1.4
20,2024-07-01,3,Fee/NAV Update,0.0,-39812.5,0.0,0.0,1881250.0,1.41
20,2024-10-01,4,Fee/NAV Update,0.0,-39812.5,0.0,0.0,1935208.33,1.43
20,2025-01-01,1,Distribution,0.0,-39812.5,227500.0,136500.0,1989166.67,1.44
20,2025-04-01,2,Fee/NAV Update,0.0,-39812.5,0.0,0.0,2043125.0,1.45
20,2025-07-01,3,Fee/NAV Update,0.0,-39812.5,0.0,0.0,2097083.33,1.46
20,2025-10-01,4,Fee/NAV Update,0.0,-39812.5,0.0,0.0,2151041.67,1.47
21,2024-04-01,2,Capital Call,-275000.0,-7425.0,0.0,0.0,332379.81,2.21
21,2024-07-01,3,Capital Call,-275000.0,-7425.0,0.0,0.0,339519.23,1.62
21,2024-10-01,4,Capital Call,-275000.0,-7425.0,0.0,0.0,351418.27,1.43
21,2025-01-01,1,Capital Call,-275000.0,-7425.0,0.0,0.0,368076.92,1.33
21,2025-04-01,2,Capital Call,-275000.0,-7425.0,0.0,0.0,389495.19,1.28
21,2025-07-01,3,Capital Call,-275000.0,-7425.0,0.0,0.0,415673.08,1.25
21,2025-10-01,4,Fee/NAV Update,0.0,-7425.0,0.0,0.0,429951.92,1.26
22,2017-04-01,2,Capital Call,-1908333.33,-200375.0,0.0,0.0,4602630.88,3.41
22,2017-07-01,3,Capital Call,-1908333.33,-200375.0,0.0,0.0,4670523.5,2.22
22,2017-10-01,4,Capital Call,-1908333.33,-200375.0,0.0,0.0,4783677.88,1.84
22,2018-01-01,1,Capital Call,-1908333.33,-200375.0,0.0,0.0,4942094.02,1.65
22,2018-04-01,2,Capital Call,-1908333.33,-200375.0,0.0,0.0,5145771.9,1.54
22,2018-07-01,3,Capital Call,-1908333.33,-200375.0,0.0,0.0,5394711.54,1.47
22,2018-10-01,4,Capital Call,-1908333.33,-200375.0,0.0,0.0,5688912.93,1.43
22,2019-01-01,1,Capital Call,-1908333.33,-200375.0,0.0,0.0,6028376.07,1.39
22,2019-04-01,2,Capital Call,-1908333.33,-200375.0,0.0,0.0,6413100.96,1.37
22,2019-07-01,3,Capital Call,-1908333.33,-200375.0,0.0,0.0,6843087.61,1.36
22,2019-10-01,4,Capital Call,-1908333.33,-200375.0,0.0,0.0,7318336.0,1.35
22,2020-01-01,1,Capital Call,-1908333.33,-200375.0,0.0,0.0,7838846.15,1.34
22,2020-04-01,2,Fee/NAV Update,0.0,-200375.0,0.0,0.0,8110416.67,1.35
22,2020-07-01,3,Fee/NAV Update,0.0,-200375.0,0.0,0.0,8381987.18,1.37
22,2020-10-01,4,Distribution,0.0,-200375.0,1145000.0,687000.0,8653557.69,1.38
22,2021-01-01,1,Fee/NAV Update,0.0,-200375.0,0.0,0.0,8925128.21,1.39
22,2021-04-01,2,Fee/NAV Update,0.0,-200375.0,0.0,0.0,9196698.72,1.4
22,2021-07-01,3,Fee/NAV Update,0.0,-200375.0,0.0,0.0,9468269.23,1.41
22,2021-10-01,4,Fee/NAV Update,0.0,-200375.0,0.0,0.0,9739839.74,1.43
22,2022-01-01,1,Distribution,0.0,-200375.0,1145000.0,687000.0,10011410.26,1.44
22,2022-04-01,2,Fee/NAV Update,0.0,-200375.0,0.0,0.0,10282980.77,1.45
22,2022-07-01,3,Fee/NAV Update,0.0,-200375.0,0.0,0.0,10554551.28,1.46
22,2022-10-01,4,Fee/NAV Update,0.0,-200375.0,0.0,0.0,10826121.79,1.47
22,2023-01-01,1,Fee/NAV Update,0.0,-200375.0,0.0,0.0,11097692.31,1.48
22,2023-04-01,2,Distribution,0.0,-200375.0,1145000.0,687000.0,11369262.82,1.5
22,2023-07-01,3,Fee/NAV Update,0.0,-200375.0,0.0,0.0,11640833.33,1.51
22,2023-10-01,4,Fee/NAV Update,0.0,-200375.0,0.0,0.0,11912403.85,1.52
22,2024-01-01,1,Fee/NAV Update,0.0,-200375.0,0.0,0.0,12183974.36,1.53
22,2024-04-01,2,Fee/NAV Update,0.0,-200375.0,0.0,0.0,12455544.87,1.54
22,2024-07-01,3,Distribution,0.0,-200375.0,1145000.0,687000.0,12727115.38,1.56
22,2024-10-01,4,Fee/NAV Update,0.0,-200375.0,0.0,0.0,12998685.9,1.57
22,2025-01-01,1,Fee/NAV Update,0.0,-200375.0,0.0,0.0,13270256.41,1.58
22,2025-04-01,2,Fee/NAV Update,0.0,-200375.0,0.0,0.0,13541826.92,1.59
22,2025-07-01,3,Fee/NAV Update,0.0,-200375.0,0.0,0.0,13813397.44,1.6
22,2025-10-01,4,Distribution,0.0,-200375.0,1145000.0,687000.0,14084967.95,1.62
23,2023-04-01,2,Capital Call,-34375.0,-5500.0,0.0,0.0,110605.97,4.22
23,2023-07-01,3,Capital Call,-34375.0,-5500.0,0.0,0.0,112423.88,2.64
23,2023-10-01,4,Capital Call,-34375.0,-5500.0,0.0,0.0,115453.73,2.12
23,2024-01-01,1,Capital Call,-34375.0,-5500.0,0.0,0.0,119695.51,1.87
23,2024-04-01,2,Capital Call,-34375.0,-5500.0,0.0,0.0,125149.24,1.73
23,2024-07-01,3,Capital Call,-34375.0,-5500.0,0.0,0.0,131814.9,1.64
23,2024-10-01,4,Capital Call,-34375.0,-5500.0,0.0,0.0,139692.51,1.58
23,2025-01-01,1,Capital Call,-34375.0,-5500.0,0.0,0.0,148782.05,1.54
23,2025-04-01,2,Capital Call,-34375.0,-5500.0,0.0,0.0,159083.53,1.51
23,2025-07-01,3,Capital Call,-34375.0,-5500.0,0.0,0.0,170596.96,1.5
23,2025-10-01,4,Capital Call,-34375.0,-5500.0,0.0,0.0,183322.32,1.48
24,2020-04-01,2,Capital Call,-1806250.0,-108375.0,0.0,0.0,2908525.64,2.61
24,2020-07-01,3,Capital Call,-1806250.0,-108375.0,0.0,0.0,2964102.56,1.82
24,2020-10-01,4,Capital Call,-1806250.0,-108375.0,0.0,0.0,3056730.77,1.56
24,2021-01-01,1,Capital Call,-1806250.0,-108375.0,0.0,0.0,3186410.26,1.44
24,2021-04-01,2,Capital Call,-1806250.0,-108375.0,0.0,0.0,3353141.03,1.37
24,2021-07-01,3,Capital Call,-1806250.0,-108375.0,0.0,0.0,3556923.08,1.33
24,2021-10-01,4,Capital Call,-1806250.0,-108375.0,0.0,0.0,3797756.41,1.3
24,2022-01-01,1,Capital Call,-1806250.0,-108375.0,0.0,0.0,4075641.03,1.28
24,2022-04-01,2,Fee/NAV Update,0.0,-108375.0,0.0,0.0,4223846.15,1.29
24,2022-07-01,3,Distribution,0.0,-108375.0,722500.0,433500.0,4372051.28,1.3
24,2022-10-01,4,Fee/NAV Update,0.0,-108375.0,0.0,0.0,4520256.41,1.31
24,2023-01-01,1,Fee/NAV Update,0.0,-108375.0,0.0,0.0,4668461.54,1.32
24,2023-04-01,2,Fee/NAV Update,0.0,-108375.0,0.0,0.0,4816666.67,1.33
24,2023-07-01,3,Fee/NAV Update,0.0,-108375.0,0.0,0.0,4964871.79,1.34
24,2023-10-01,4,Distribution,0.0,-108375.0,722500.0,433500.0,5113076.92,1.35
24,2024-01-01,1,Fee/NAV Update,0.0,-108375.0,0.0,0.0,5261282.05,1.36
24,2024-04-01,2,Fee/NAV Update,0.0,-108375.0,0.0,0.0,5409487.18,1.37
24,2024-07-01,3,Fee/NAV Update,0.0,-108375.0,0.0,0.0,5557692.31,1.38
24,2024-10-01,4,Fee/NAV Update,0.0,-108375.0,0.0,0.0,5705897.44,1.39
24,2025-01-01,1,Distribution,0.0,-108375.0,722500.0,433500.0,5854102.56,1.41
24,2025-04-01,2,Fee/NAV Update,0.0,-108375.0,0.0,0.0,6002307.69,1.42
24,2025-07-01,3,Fee/NAV Update,0.0,-108375.0,0.0,0.0,6150512.82,1.43
24,2025-10-01,4,Fee/NAV Update,0.0,-108375.0,0.0,0.0,6298717.95,1.44
25,2021-04-01,2,Capital Call,-775000.0,-48437.5,0.0,0.0,1557451.92,3.01
25,2021-07-01,3,Capital Call,-775000.0,-48437.5,0.0,0.0,1579807.69,2.02
25,2021-10-01,4,Capital Call,-775000.0,-48437.5,0.0,0.0,1617067.31,1.7
25,2022-01-01,1,Capital Call,-775000.0,-48437.5,0.0,0.0,1669230.77,1.54
25,2022-04-01,2,Capital Call,-775000.0,-48437.5,0.0,0.0,1736298.08,1.45
25,2022-07-01,3,Capital Call,-775000.0,-48437.5,0.0,0.0,1818269.23,1.39
25,2022-10-01,4,Capital Call,-775000.0,-48437.5,0.0,0.0,1915144.23,1.35
25,2023-01-01,1,Capital Call,-775000.0,-48437.5,0.0,0.0,2026923.08,1.33
25,2023-04-01,2,Capital Call,-775000.0,-48437.5,0.0,0.0,2153605.77,1.31
25,2023-07-01,3,Capital Call,-775000.0,-48437.5,0.0,0.0,2295192.31,1.3
25,2023-10-01,4,Fee/NAV Update,0.0,-48437.5,0.0,0.0,2369711.54,1.31
25,2024-01-01,1,Fee/NAV Update,0.0,-48437.5,0.0,0.0,2444230.77,1.32
25,2024-04-01,2,Fee/NAV Update,0.0,-48437.5,0.0,0.0,2518750.0,1.32
25,2024-07-01,3,Fee/NAV Update,0.0,-48437.5,0.0,0.0,2593269.23,1.33
25,2024-10-01,4,Distribution,0.0,-48437.5,387500.0,232500.0,2667788.46,1.34
25,2025-01-01,1,Fee/NAV Update,0.0,-48437.5,0.0,0.0,2742307.69,1.35
25,2025-04-01,2,Fee/NAV Update,0.0,-48437.5,0.0,0.0,2816826.92,1.36
25,2025-07-01,3,Fee/NAV Update,0.0,-48437.5,0.0,0.0,2891346.15,1.37
25,2025-10-01,4,Fee/NAV Update,0.0,-48437.5,0.0,0.0,2965865.38,1.38
26,2023-04-01,2,Capital Call,-1162500.0,-23250.0,0.0,0.0,942668.27,1.81
26,2023-07-01,3,Capital Call,-1162500.0,-23250.0,0.0,0.0,980673.08,1.42
26,2023-10-01,4,Capital Call,-1162500.0,-23250.0,0.0,0.0,1044014.42,1.3
26,2024-01-01,1,Capital Call,-1162500.0,-23250.0,0.0,0.0,1132692.31,1.24
26,2024-04-01,2,Distribution,0.0,-23250.0,232500.0,139500.0,1183365.38,1.25
26,2024-07-01,3,Fee/NAV Update,0.0,-23250.0,0.0,0.0,1234038.46,1.27
26,2024-10-01,4,Fee/NAV Update,0.0,-23250.0,0.0,0.0,1284711.54,1.28
26,2025-01-01,1,Fee/NAV Update,0.0,-23250.0,0.0,0.0,1335384.62,1.29
26,2025-04-01,2,Fee/NAV Update,0.0,-23250.0,0.0,0.0,1386057.69,1.3
26,2025-07-01,3,Distribution,0.0,-23250.0,232500.0,139500.0,1436730.77,1.31
26,2025-10-01,4,Fee/NAV Update,0.0,-23250.0,0.0,0.0,1487403.85,1.32
27,2022-04-01,2,Capital Call,-641666.67,-17325.0,0.0,0.0,775552.88,2.21
27,2022-07-01,3,Capital Call,-641666.67,-17325.0,0.0,0.0,792211.54,1.62
27,2022-10-01,4,Capital Call,-641666.67,-17325.0,0.0,0.0,819975.96,1.43
27,2023-01-01,1,Capital Call,-641666.67,-17325.0,0.0,0.0,858846.15,1.33
27,2023-04-01,2,Capital Call,-641666.67,-17325.0,0.0,0.0,908822.12,1.28
27,2023-07-01,3,Capital Call,-641666.67,-17325.0,0.0,0.0,969903.85,1.25
27,2023-10-01,4,Fee/NAV Update,0.0,-17325.0,0.0,0.0,1003221.15,1.26
27,2024-01-01,1,Fee/NAV Update,0.0,-17325.0,0.0,0.0,1036538.46,1.27
27,2024-04-01,2,Fee/NAV Update,0.0,-17325.0,0.0,0.0,1069855.77,1.28
27,2024-07-01,3,Distribution,0.0,-17325.0,192500.0,115500.0,1103173.08,1.29
27,2024-10-01,4,Fee/NAV Update,0.0,-17325.0,0.0,0.0,1136490.38,1.3
27,2025-01-01,1,Fee/NAV Update,0.0,-17325.0,0.0,0.0,1169807.69,1.3
27,2025-04-01,2,Fee/NAV Update,0.0,-17325.0,0.0,0.0,1203125.0,1.31
27,2025-07-01,3,Fee/NAV Update,0.0,-17325.0,0.0,0.0,1236442.31,1.32
27,2025-10-01,4,Distribution,0.0,-17325.0,192500.0,115500.0,1269759.62,1.33
28,2019-04-01,2,Capital Call,-1129166.67,-118562.5,0.0,0.0,2723390.76,3.41
28,2019-07-01,3,Capital Call,-1129166.67,-118562.5,0.0,0.0,2763563.03,2.22
28,2019-10-01,4,Capital Call,-1129166.67,-118562.5,0.0,0.0,2830516.83,1.84
28,2020-01-01,1,Capital Call,-1129166.67,-118562.5,0.0,0.0,2924252.14,1.65
28,2020-04-01,2,Capital Call,-1129166.67,-118562.5,0.0,0.0,3044768.96,1.54
28,2020-07-01,3,Capital Call,-1129166.67,-118562.5,0.0,0.0,3192067.31,1.47
28,2020-10-01,4,Capital Call,-1129166.67,-118562.5,0.0,0.0,3366147.17,1.43
28,2021-01-01,1,Capital Call,-1129166.67,-118562.5,0.0,0.0,3567008.55,1.39
28,2021-04-01,2,Capital Call,-1129166.67,-118562.5,0.0,0.0,3794651.44,1.37
28,2021-07-01,3,Capital Call,-1129166.67,-118562.5,0.0,0.0,4049075.85,1.36
28,2021-10-01,4,Capital Call,-1129166.67,-118562.5,0.0,0.0,4330281.78,1.35
28,2022-01-01,1,Capital Call,-1129166.67,-118562.5,0.0,0.0,4638269.23,1.34
28,2022-04-01,2,Fee/NAV Update,0.0,-118562.5,0.0,0.0,4798958.33,1.35
28,2022-07-01,3,Fee/NAV Update,0.0,-118562.5,0.0,0.0,4959647.44,1.37
28,2022-10-01,4,Distribution,0.0,-118562.5,677500.0,406500.0,5120336.54,1.38
28,2023-01-01,1,Fee/NAV Update,0.0,-118562.5,0.0,0.0,5281025.64,1.39
28,2023-04-01,2,Fee/NAV Update,0.0,-118562.5,0.0,0.0,5441714.74,1.4
28,2023-07-01,3,Fee/NAV Update,0.0,-118562.5,0.0,0.0,5602403.85,1.41
28,2023-10-01,4,Fee/NAV Update,0.0,-118562.5,0.0,0.0,5763092.95,1.43
28,2024-01-01,1,Distribution,0.0,-118562.5,677500.0,406500.0,5923782.05,1.44
28,2024-04-01,2,Fee/NAV Update,0.0,-118562.5,0.0,0.0,6084471.15,1.45
28,2024-07-01,3,Fee/NAV Update,0.0,-118562.5,0.0,0.0,6245160.26,1.46
28,2024-10-01,4,Fee/NAV Update,0.0,-118562.5,0.0,0.0,6405849.36,1.47
28,2025-01-01,1,Fee/NAV Update,0.0,-118562.5,0.0,0.0,6566538.46,1.48
28,2025-04-01,2,Distribution,0.0,-118562.5,677500.0,406500.0,6727227.56,1.5
28,2025-07-01,3,Fee/NAV Update,0.0,-118562.5,0.0,0.0,6887916.67,1.51
28,2025-10-01,4,Fee/NAV Update,0.0,-118562.5,0.0,0.0,7048605.77,1.52
29,2024-04-01,2,Capital Call,-140625.0,-22500.0,0.0,0.0,452478.97,4.22
29,2024-07-01,3,Capital Call,-140625.0,-22500.0,0.0,0.0,459915.87,2.64
29,2024-10-01,4,Capital Call,-140625.0,-22500.0,0.0,0.0,472310.7,2.12
29,2025-01-01,1,Capital Call,-140625.0,-22500.0,0.0,0.0,489663.46,1.87
29,2025-04-01,2,Capital Call,-140625.0,-22500.0,0.0,0.0,511974.16,1.73
29,2025-07-01,3,Capital Call,-140625.0,-22500.0,0.0,0.0,539242.79,1.64
29,2025-10-01,4,Capital Call,-140625.0,-22500.0,0.0,0.0,571469.35,1.58
30,2020-04-01,2,Capital Call,-516666.67,-13950.0,0.0,0.0,624471.15,2.21
30,2020-07-01,3,Capital Call,-516666.67,-13950.0,0.0,0.0,637884.62,1.62
30,2020-10-01,4,Capital Call,-516666.67,-13950.0,0.0,0.0,660240.38,1.43
30,2021-01-01,1,Capital Call,-516666.67,-13950.0,0.0,0.0,691538.46,1.33
30,2021-04-01,2,Capital Call,-516666.67,-13950.0,0.0,0.0,731778.85,1.28
30,2021-07-01,3,Capital Call,-516666.67,-13950.0,0.0,0.0,780961.54,1.25
30,2021-10-01,4,Fee/NAV Update,0.0,-13950.0,0.0,0.0,807788.46,1.26
30,2022-01-01,1,Fee/NAV Update,0.0,-13950.0,0.0,0.0,834615.38,1.27
30,2022-04-01,2,Fee/NAV Update,0.0,-13950.0,0.0,0.0,861442.31,1.28
30,2022-07-01,3,Distribution,0.0,-13950.0,155000.0,93000.0,888269.23,1.29
30,2022-10-01,4,Fee/NAV Update,0.0,-13950.0,0.0,0.0,915096.15,1.3
30,2023-01-01,1,Fee/NAV Update,0.0,-13950.0,0.0,0.0,941923.08,1.3
30,2023-04-01,2,Fee/NAV Update,0.0,-13950.0,0.0,0.0,968750.0,1.31
30,2023-07-01,3,Fee/NAV Update,0.0,-13950.0,0.0,0.0,995576.92,1.32
30,2023-10-01,4,Distribution,0.0,-13950.0,155000.0,93000.0,1022403.85,1.33
30,2024-01-01,1,Fee/NAV Update,0.0,-13950.0,0.0,0.0,1049230.77,1.34
30,2024-04-01,2,Fee/NAV Update,0.0,-13950.0,0.0,0.0,1076057.69,1.35
30,2024-07-01,3,Fee/NAV Update,0.0,-13950.0,0.0,0.0,1102884.62,1.36
30,2024-10-01,4,Fee/NAV Update,0.0,-13950.0,0.0,0.0,1129711.54,1.36
30,2025-01-01,1,Distribution,0.0,-13950.0,155000.0,93000.0,1156538.46,1.37
30,2025-04-01,2,Fee/NAV Update,0.0,-13950.0,0.0,0.0,1183365.38,1.38
30,2025-07-01,3,Fee/NAV Update,0.0,-13950.0,0.0,0.0,1210192.31,1.39
30,2025-10-01,4,Fee/NAV Update,0.0,-13950.0,0.0,0.0,1237019.23,1.4
31,2023-04-01,2,Capital Call,-440000.0,-27500.0,0.0,0.0,884230.77,3.01
31,2023-07-01,3,Capital Call,-440000.0,-27500.0,0.0,0.0,896923.08,2.02
31,2023-10-01,4,Capital Call,-440000.0,-27500.0,0.0,0.0,918076.92,1.7
31,2024-01-01,1,Capital Call,-440000.0,-27500.0,0.0,0.0,947692.31,1.54
31,2024-04-01,2,Capital Call,-440000.0,-27500.0,0.0,0.0,985769.23,1.45
31,2024-07-01,3,Capital Call,-440000.0,-27500.0,0.0,0.0,1032307.69,1.39
31,2024-10-01,4,Capital Call,-440000.0,-27500.0,0.0,0.0,1087307.69,1.35
31,2025-01-01,1,Capital Call,-440000.0,-27500.0,0.0,0.0,1150769.23,1.33
31,2025-04-01,2,Capital Call,-440000.0,-27500.0,0.0,0.0,1222692.31,1.31
31,2025-07-01,3,Capital Call,-440000.0,-27500.0,0.0,0.0,1303076.92,1.3
31,2025-10-01,4,Fee/NAV Update,0.0,-27500.0,0.0,0.0,1345384.62,1.31
32,2022-04-01,2,Capital Call,-1131250.0,-67875.0,0.0,0.0,1821602.56,2.61
32,2022-07-01,3,Capital Call,-1131250.0,-67875.0,0.0,0.0,1856410.26,1.82
32,2022-10-01,4,Capital Call,-1131250.0,-67875.0,0.0,0.0,1914423.08,1.56
32,2023-01-01,1,Capital Call,-1131250.0,-67875.0,0.0,0.0,1995641.03,1.44
32,2023-04-01,2,Capital Call,-1131250.0,-67875.0,0.0,0.0,2100064.1,1.37
32,2023-07-01,3,Capital Call,-1131250.0,-67875.0,0.0,0.0,2227692.31,1.33
32,2023-10-01,4,Capital Call,-1131250.0,-67875.0,0.0,0.0,2378525.64,1.3
32,2024-01-01,1,Capital Call,-1131250.0,-67875.0,0.0,0.0,2552564.1,1.28
32,2024-04-01,2,Fee/NAV Update,0.0,-67875.0,0.0,0.0,2645384.62,1.29
32,2024-07-01,3,Distribution,0.0,-67875.0,452500.0,271500.0,2738205.13,1.3
32,2024-10-01,4,Fee/NAV Update,0.0,-67875.0,0.0,0.0,2831025.64,1.31
32,2025-01-01,1,Fee/NAV Update,0.0,-67875.0,0.0,0.0,2923846.15,1.32
32,2025-04-01,2,Fee/NAV Update,0.0,-67875.0,0.0,0.0,3016666.67,1.33
32,2025-07-01,3,Fee/NAV Update,0.0,-67875.0,0.0,0.0,3109487.18,1.34
32,2025-10-01,4,Distribution,0.0,-67875.0,452500.0,271500.0,3202307.69,1.35
33,2021-04-01,2,Capital Call,-516666.67,-54250.0,0.0,0.0,1246127.14,3.41
33,2021-04-01,2,Capital Call,-516666.67,-54250.0,0.0,0.0,1246127.14,3.41
33,2021-07-01,3,Capital Call,-516666.67,-54250.0,0.0,0.0,1264508.55,2.22
33,2021-07-01,3,Capital Call,-516666.67,-54250.0,0.0,0.0,1264508.55,2.22
33,2021-10-01,4,Capital Call,-516666.67,-54250.0,0.0,0.0,1295144.23,1.84
33,2021-10-01,4,Capital Call,-516666.67,-54250.0,0.0,0.0,1295144.23,1.84
33,2022-01-01,1,Capital Call,-516666.67,-54250.0,0.0,0.0,1338034.19,1.65
33,2022-01-01,1,Capital Call,-516666.67,-54250.0,0.0,0.0,1338034.19,1.65
33,2022-04-01,2,Capital Call,-516666.67,-54250.0,0.0,0.0,1393178.42,1.54
33,2022-04-01,2,Capital Call,-516666.67,-54250.0,0.0,0.0,1393178.42,1.54
33,2022-07-01,3,Capital Call,-516666.67,-54250.0,0.0,0.0,1460576.92,1.47
33,2022-07-01,3,Capital Call,-516666.67,-54250.0,0.0,0.0,1460576.92,1.47
33,2022-10-01,4,Capital Call,-516666.67,-54250.0,0.0,0.0,1540229.7,1.43
33,2022-10-01,4,Capital Call,-516666.67,-54250.0,0.0,0.0,1540229.7,1.43
33,2023-01-01,1,Capital Call,-516666.67,-54250.0,0.0,0.0,1632136.75,1.39
33,2023-01-01,1,Capital Call,-516666.67,-54250.0,0.0,0.0,1632136.75,1.39
33,2023-04-01,2,Capital Call,-516666.67,-54250.0,0.0,0.0,1736298.08,1.37
33,2023-04-01,2,Capital Call,-516666.67,-54250.0,0.0,0.0,1736298.08,1.37
33,2023-07-01,3,Capital Call,-516666.67,-54250.0,0.0,0.0,1852713.68,1.36
33,2023-07-01,3,Capital Call,-516666.67,-54250.0,0.0,0.0,1852713.68,1.36
33,2023-10-01,4,Capital Call,-516666.67,-54250.0,0.0,0.0,1981383.55,1.35
33,2023-10-01,4,Capital Call,-516666.67,-54250.0,0.0,0.0,1981383.55,1.35
33,2024-01-01,1,Capital Call,-516666.67,-54250.0,0.0,0.0,2122307.69,1.34
33,2024-01-01,1,Capital Call,-516666.67,-54250.0,0.0,0.0,2122307.69,1.34
33,2024-04-01,2,Fee/NAV Update,0.0,-54250.0,0.0,0.0,2195833.33,1.35
33,2024-04-01,2,Fee/NAV Update,0.0,-54250.0,0.0,0.0,2195833.33,1.35
33,2024-07-01,3,Fee/NAV Update,0.0,-54250.0,0.0,0.0,2269358.97,1.37
33,2024-07-01,3,Fee/NAV Update,0.0,-54250.0,0.0,0.0,2269358.97,1.37
33,2024-10-01,4,Distribution,0.0,-54250.0,310000.0,186000.0,2342884.62,1.38
33,2024-10-01,4,Distribution,0.0,-54250.0,310000.0,186000.0,2342884.62,1.38
33,2025-01-01,1,Fee/NAV Update,0.0,-54250.0,0.0,0.0,2416410.26,1.39
33,2025-01-01,1,Fee/NAV Update,0.0,-54250.0,0.0,0.0,2416410.26,1.39
33,2025-04-01,2,Fee/NAV Update,0.0,-54250.0,0.0,0.0,2489935.9,1.4
33,2025-04-01,2,Fee/NAV Update,0.0,-54250.0,0.0,0.0,2489935.9,1.4
33,2025-07-01,3,Fee/NAV Update,0.0,-54250.0,0.0,0.0,2563461.54,1.41
33,2025-07-01,3,Fee/NAV Update,0.0,-54250.0,0.0,0.0,2563461.54,1.41
33,2025-10-01,4,Fee/NAV Update,0.0,-54250.0,0.0,0.0,2636987.18,1.43
33,2025-10-01,4,Fee/NAV Update,0.0,-54250.0,0.0,0.0,2636987.18,1.43
34,2020-04-01,2,Fee/NAV Update,0.0,-45600.0,0.0,0.0,2280000.0,1.0
34,2020-07-01,3,Fee/NAV Update,0.0,-45600.0,0.0,0.0,2280000.0,1.0
34,2020-10-01,4,Fee/NAV Update,0.0,-45600.0,0.0,0.0,2280000.0,1.0
34,2021-01-01,1,Fee/NAV Update,0.0,-45600.0,0.0,0.0,2280000.0,1.0
34,2021-04-01,2,Distribution,0.0,-45600.0,0.0,0.0,2280000.0,1.0
34,2021-07-01,3,Fee/NAV Update,0.0,-45600.0,0.0,0.0,2280000.0,1.0
34,2021-10-01,4,Fee/NAV Update,0.0,-45600.0,0.0,0.0,2280000.0,1.0
34,2022-01-01,1,Fee/NAV Update,0.0,-45600.0,0.0,0.0,2280000.0,1.0
34,2022-04-01,2,Fee/NAV Update,0.0,-45600.0,0.0,0.0,2280000.0,1.0
34,2022-07-01,3,Distribution,0.0,-45600.0,0.0,0.0,2280000.0,1.0
34,2022-10-01,4,Fee/NAV Update,0.0,-45600.0,0.0,0.0,2280000.0,1.0
34,2023-01-01,1,Fee/NAV Update,0.0,-45600.0,0.0,0.0,2280000.0,1.0
34,2023-04-01,2,Fee/NAV Update,0.0,-45600.0,0.0,0.0,2280000.0,1.0
34,2023-07-01,3,Fee/NAV Update,0.0,-45600.0,0.0,0.0,2280000.0,1.0
34,2023-10-01,4,Distribution,0.0,-45600.0,0.0,0.0,2280000.0,1.0
34,2024-01-01,1,Fee/NAV Update,0.0,-45600.0,0.0,0.0,2280000.0,1.0
34,2024-04-01,2,Fee/NAV Update,0.0,-45600.0,0.0,0.0,2280000.0,1.0
34,2024-07-01,3,Fee/NAV Update,0.0,-45600.0,0.0,0.0,2280000.0,1.0
34,2024-10-01,4,Fee/NAV Update,0.0,-45600.0,0.0,0.0,2280000.0,1.0
34,2025-01-01,1,Distribution,0.0,-45600.0,0.0,0.0,2280000.0,1.0
34,2025-04-01,2,Fee/NAV Update,0.0,-45600.0,0.0,0.0,2280000.0,1.0
34,2025-07-01,3,Fee/NAV Update,0.0,-45600.0,0.0,0.0,2280000.0,1.0
34,2025-10-01,4,Fee/NAV Update,0.0,-45600.0,0.0,0.0,2280000.0,1.0
35,2023-04-01,2,Capital Call,-950000.0,-19000.0,0.0,0.0,770352.56,1.81
35,2023-07-01,3,Capital Call,-950000.0,-19000.0,0.0,0.0,801410.26,1.42
35,2023-10-01,4,Capital Call,-950000.0,-19000.0,0.0,0.0,853173.08,1.3
35,2024-01-01,1,Capital Call,-950000.0,-19000.0,0.0,0.0,925641.03,1.24
35,2024-04-01,2,Distribution,0.0,-19000.0,190000.0,114000.0,967051.28,1.25
35,2024-07-01,3,Fee/NAV Update,0.0,-19000.0,0.0,0.0,1008461.54,1.27
35,2024-10-01,4,Fee/NAV Update,0.0,-19000.0,0.0,0.0,1049871.79,1.28
35,2025-01-01,1,Fee/NAV Update,0.0,-19000.0,0.0,0.0,1091282.05,1.29
35,2025-04-01,2,Fee/NAV Update,0.0,-19000.0,0.0,0.0,1132692.31,1.3
35,2025-07-01,3,Distribution,0.0,-19000.0,190000.0,114000.0,1174102.56,1.31
35,2025-10-01,4,Fee/NAV Update,0.0,-19000.0,0.0,0.0,1215512.82,1.32
36,2021-04-01,2,Capital Call,-1643750.0,-98625.0,0.0,0.0,2646858.97,2.61
36,2021-07-01,3,Capital Call,-1643750.0,-98625.0,0.0,0.0,2697435.9,1.82
36,2021-10-01,4,Capital Call,-1643750.0,-98625.0,0.0,0.0,2781730.77,1.56
36,2022-01-01,1,Capital Call,-1643750.0,-98625.0,0.0,0.0,2899743.59,1.44
36,2022-04-01,2,Capital Call,-1643750.0,-98625.0,0.0,0.0,3051474.36,1.37
36,2022-07-01,3,Capital Call,-1643750.0,-98625.0,0.0,0.0,3236923.08,1.33
36,2022-10-01,4,Capital Call,-1643750.0,-98625.0,0.0,0.0,3456089.74,1.3
36,2023-01-01,1,Capital Call,-1643750.0,-98625.0,0.0,0.0,3708974.36,1.28
36,2023-04-01,2,Fee/NAV Update,0.0,-98625.0,0.0,0.0,3843846.15,1.29
36,2023-07-01,3,Distribution,0.0,-98625.0,657500.0,394500.0,3978717.95,1.3
36,2023-10-01,4,Fee/NAV Update,0.0,-98625.0,0.0,0.0,4113589.74,1.31
36,2024-01-01,1,Fee/NAV Update,0.0,-98625.0,0.0,0.0,4248461.54,1.32
36,2024-04-01,2,Fee/NAV Update,0.0,-98625.0,0.0,0.0,4383333.33,1.33
36,2024-07-01,3,Fee/NAV Update,0.0,-98625.0,0.0,0.0,4518205.13,1.34
36,2024-10-01,4,Distribution,0.0,-98625.0,657500.0,394500.0,4653076.92,1.35
36,2025-01-01,1,Fee/NAV Update,0.0,-98625.0,0.0,0.0,4787948.72,1.36
36,2025-04-01,2,Fee/NAV Update,0.0,-98625.0,0.0,0.0,4922820.51,1.37
36,2025-07-01,3,Fee/NAV Update,0.0,-98625.0,0.0,0.0,5057692.31,1.38
36,2025-10-01,4,Fee/NAV Update,0.0,-98625.0,0.0,0.0,5192564.1,1.39
37,2022-04-01,2,Fee/NAV Update,0.0,-23200.0,0.0,0.0,1160000.0,1.0
37,2022-07-01,3,Fee/NAV Update,0.0,-23200.0,0.0,0.0,1160000.0,1.0
37,2022-10-01,4,Fee/NAV Update,0.0,-23200.0,0.0,0.0,1160000.0,1.0
37,2023-01-01,1,Fee/NAV Update,0.0,-23200.0,0.0,0.0,1160000.0,1.0
37,2023-04-01,2,Distribution,0.0,-23200.0,0.0,0.0,1160000.0,1.0
37,2023-07-01,3,Fee/NAV Update,0.0,-23200.0,0.0,0.0,1160000.0,1.0
37,2023-10-01,4,Fee/NAV Update,0.0,-23200.0,0.0,0.0,1160000.0,1.0
37,2024-01-01,1,Fee/NAV Update,0.0,-23200.0,0.0,0.0,1160000.0,1.0
37,2024-04-01,2,Fee/NAV Update,0.0,-23200.0,0.0,0.0,1160000.0,1.0
37,2024-07-01,3,Distribution,0.0,-23200.0,0.0,0.0,1160000.0,1.0
37,2024-10-01,4,Fee/NAV Update,0.0,-23200.0,0.0,0.0,1160000.0,1.0
37,2025-01-01,1,Fee/NAV Update,0.0,-23200.0,0.0,0.0,1160000.0,1.0
37,2025-04-01,2,Fee/NAV Update,0.0,-23200.0,0.0,0.0,1160000.0,1.0
37,2025-07-01,3,Fee/NAV Update,0.0,-23200.0,0.0,0.0,1160000.0,1.0
37,2025-10-01,4,Distribution,0.0,-23200.0,0.0,0.0,1160000.0,1.0
38,2024-04-01,2,Capital Call,-337500.0,-20250.0,0.0,0.0,543461.54,2.61
38,2024-07-01,3,Capital Call,-337500.0,-20250.0,0.0,0.0,553846.15,1.82
38,2024-10-01,4,Capital Call,-337500.0,-20250.0,0.0,0.0,571153.85,1.56
38,2025-01-01,1,Capital Call,-337500.0,-20250.0,0.0,0.0,595384.62,1.44
38,2025-04-01,2,Capital Call,-337500.0,-20250.0,0.0,0.0,626538.46,1.37
38,2025-07-01,3,Capital Call,-337500.0,-20250.0,0.0,0.0,664615.38,1.33
38,2025-10-01,4,Capital Call,-337500.0,-20250.0,0.0,0.0,709615.38,1.3
39,2023-04-01,2,Capital Call,-2025000.0,-40500.0,0.0,0.0,1642067.31,1.81
39,2023-07-01,3,Capital Call,-2025000.0,-40500.0,0.0,0.0,1708269.23,1.42
39,2023-10-01,4,Capital Call,-2025000.0,-40500.0,0.0,0.0,1818605.77,1.3
39,2024-01-01,1,Capital Call,-2025000.0,-40500.0,0.0,0.0,1973076.92,1.24
39,2024-04-01,2,Distribution,0.0,-40500.0,405000.0,243000.0,2061346.15,1.25
39,2024-07-01,3,Fee/NAV Update,0.0,-40500.0,0.0,0.0,2149615.38,1.27
39,2024-10-01,4,Fee/NAV Update,0.0,-40500.0,0.0,0.0,2237884.62,1.28
39,2025-01-01,1,Fee/NAV Update,0.0,-40500.0,0.0,0.0,2326153.85,1.29
39,2025-04-01,2,Fee/NAV Update,0.0,-40500.0,0.0,0.0,2414423.08,1.3
39,2025-07-01,3,Distribution,0.0,-40500.0,405000.0,243000.0,2502692.31,1.31
39,2025-10-01,4,Fee/NAV Update,0.0,-40500.0,0.0,0.0,2590961.54,1.32
40,2022-04-01,2,Capital Call,-1865000.0,-116562.5,0.0,0.0,3747932.69,3.01
40,2022-07-01,3,Capital Call,-1865000.0,-116562.5,0.0,0.0,3801730.77,2.02
40,2022-10-01,4,Capital Call,-1865000.0,-116562.5,0.0,0.0,3891394.23,1.7
40,2023-01-01,1,Capital Call,-1865000.0,-116562.5,0.0,0.0,4016923.08,1.54
40,2023-04-01,2,Capital Call,-1865000.0,-116562.5,0.0,0.0,4178317.31,1.45
40,2023-07-01,3,Capital Call,-1865000.0,-116562.5,0.0,0.0,4375576.92,1.39
40,2023-10-01,4,Capital Call,-1865000.0,-116562.5,0.0,0.0,4608701.92,1.35
40,2024-01-01,1,Capital Call,-1865000.0,-116562.5,0.0,0.0,4877692.31,1.33
40,2024-04-01,2,Capital Call,-1865000.0,-116562.5,0.0,0.0,5182548.08,1.31
40,2024-07-01,3,Capital Call,-1865000.0,-116562.5,0.0,0.0,5523269.23,1.3
40,2024-10-01,4,Fee/NAV Update,0.0,-116562.5,0.0,0.0,5702596.15,1.31
40,2025-01-01,1,Fee/NAV Update,0.0,-116562.5,0.0,0.0,5881923.08,1.32
40,2025-04-01,2,Fee/NAV Update,0.0,-116562.5,0.0,0.0,6061250.0,1.33
40,2025-07-01,3,Fee/NAV Update,0.0,-116562.5,0.0,0.0,6240576.92,1.33
40,2025-10-01,4,Distribution,0.0,-116562.5,932500.0,559500.0,6419903.85,1.34
41,2021-04-01,2,Fee/NAV Update,0.0,-7000.0,0.0,0.0,350000.0,1.0
41,2021-07-01,3,Fee/NAV Update,0.0,-7000.0,0.0,0.0,350000.0,1.0
41,2021-10-01,4,Fee/NAV Update,0.0,-7000.0,0.0,0.0,350000.0,1.0
41,2022-01-01,1,Fee/NAV Update,0.0,-7000.0,0.0,0.0,350000.0,1.0
41,2022-04-01,2,Distribution,0.0,-7000.0,0.0,0.0,350000.0,1.0
41,2022-07-01,3,Fee/NAV Update,0.0,-7000.0,0.0,0.0,350000.0,1.0
41,2022-10-01,4,Fee/NAV Update,0.0,-7000.0,0.0,0.0,350000.0,1.0
41,2023-01-01,1,Fee/NAV Update,0.0,-7000.0,0.0,0.0,350000.0,1.0
41,2023-04-01,2,Fee/NAV Update,0.0,-7000.0,0.0,0.0,350000.0,1.0
41,2023-07-01,3,Distribution,0.0,-7000.0,0.0,0.0,350000.0,1.0
41,2023-10-01,4,Fee/NAV Update,0.0,-7000.0,0.0,0.0,350000.0,1.0
41,2024-01-01,1,Fee/NAV Update,0.0,-7000.0,0.0,0.0,350000.0,1.0
41,2024-04-01,2,Fee/NAV Update,0.0,-7000.0,0.0,0.0,350000.0,1.0
41,2024-07-01,3,Fee/NAV Update,0.0,-7000.0,0.0,0.0,350000.0,1.0
41,2024-10-01,4,Distribution,0.0,-7000.0,0.0,0.0,350000.0,1.0
41,2025-01-01,1,Fee/NAV Update,0.0,-7000.0,0.0,0.0,350000.0,1.0
41,2025-04-01,2,Fee/NAV Update,0.0,-7000.0,0.0,0.0,350000.0,1.0
41,2025-07-01,3,Fee/NAV Update,0.0,-7000.0,0.0,0.0,350000.0,1.0
41,2025-10-01,4,Fee/NAV Update,0.0,-7000.0,0.0,0.0,350000.0,1.0
42,2024-04-01,2,Capital Call,-918750.0,-55125.0,0.0,0.0,1479423.08,2.61
42,2024-07-01,3,Capital Call,-918750.0,-55125.0,0.0,0.0,1507692.31,1.82
42,2024-10-01,4,Capital Call,-918750.0,-55125.0,0.0,0.0,1554807.69,1.56
42,2025-01-01,1,Capital Call,-918750.0,-55125.0,0.0,0.0,1620769.23,1.44
42,2025-04-01,2,Capital Call,-918750.0,-55125.0,0.0,0.0,1705576.92,1.37
42,2025-07-01,3,Capital Call,-918750.0,-55125.0,0.0,0.0,1809230.77,1.33
42,2025-10-01,4,Capital Call,-918750.0,-55125.0,0.0,0.0,1931730.77,1.3
43,2022-04-01,2,Capital Call,-1062500.0,-21250.0,0.0,0.0,861578.53,1.81
43,2022-07-01,3,Capital Call,-1062500.0,-21250.0,0.0,0.0,896314.1,1.42
43,2022-10-01,4,Capital Call,-1062500.0,-21250.0,0.0,0.0,954206.73,1.3
43,2023-01-01,1,Capital Call,-1062500.0,-21250.0,0.0,0.0,1035256.41,1.24
43,2023-04-01,2,Distribution,0.0,-21250.0,212500.0,127500.0,1081570.51,1.25
43,2023-07-01,3,Fee/NAV Update,0.0,-21250.0,0.0,0.0,1127884.62,1.27
43,2023-10-01,4,Fee/NAV Update,0.0,-21250.0,0.0,0.0,1174198.72,1.28
43,2024-01-01,1,Fee/NAV Update,0.0,-21250.0,0.0,0.0,1220512.82,1.29
43,2024-04-01,2,Fee/NAV Update,0.0,-21250.0,0.0,0.0,1266826.92,1.3
43,2024-07-01,3,Distribution,0.0,-21250.0,212500.0,127500.0,1313141.03,1.31
43,2024-10-01,4,Fee/NAV Update,0.0,-21250.0,0.0,0.0,1359455.13,1.32
43,2025-01-01,1,Fee/NAV Update,0.0,-21250.0,0.0,0.0,1405769.23,1.33
43,2025-04-01,2,Fee/NAV Update,0.0,-21250.0,0.0,0.0,1452083.33,1.34
43,2025-07-01,3,Fee/NAV Update,0.0,-21250.0,0.0,0.0,1498397.44,1.35
43,2025-10-01,4,Distribution,0.0,-21250.0,212500.0,127500.0,1544711.54,1.36
44,2023-04-01,2,Fee/NAV Update,0.0,-30600.0,0.0,0.0,1530000.0,1.0
44,2023-07-01,3,Fee/NAV Update,0.0,-30600.0,0.0,0.0,1530000.0,1.0
44,2023-10-01,4,Fee/NAV Update,0.0,-30600.0,0.0,0.0,1530000.0,1.0
44,2024-01-01,1,Fee/NAV Update,0.0,-30600.0,0.0,0.0,1530000.0,1.0
44,2024-04-01,2,Distribution,0.0,-30600.0,0.0,0.0,1530000.0,1.0
44,2024-07-01,3,Fee/NAV Update,0.0,-30600.0,0.0,0.0,1530000.0,1.0
44,2024-10-01,4,Fee/NAV Update,0.0,-30600.0,0.0,0.0,1530000.0,1.0
44,2025-01-01,1,Fee/NAV Update,0.0,-30600.0,0.0,0.0,1530000.0,1.0
44,2025-04-01,2,Fee/NAV Update,0.0,-30600.0,0.0,0.0,1530000.0,1.0
44,2025-07-01,3,Distribution,0.0,-30600.0,0.0,0.0,1530000.0,1.0
44,2025-10-01,4,Fee/NAV Update,0.0,-30600.0,0.0,0.0,1530000.0,1.0
45,2024-04-01,2,Capital Call,-816666.67,-22050.0,0.0,0.0,987067.31,2.21
45,2024-07-01,3,Capital Call,-816666.67,-22050.0,0.0,0.0,1008269.23,1.62
45,2024-10-01,4,Capital Call,-816666.67,-22050.0,0.0,0.0,1043605.77,1.43
45,2025-01-01,1,Capital Call,-816666.67,-22050.0,0.0,0.0,1093076.92,1.33
45,2025-04-01,2,Capital Call,-816666.67,-22050.0,0.0,0.0,1156682.69,1.28
45,2025-07-01,3,Capital Call,-816666.67,-22050.0,0.0,0.0,1234423.08,1.25
45,2025-10-01,4,Fee/NAV Update,0.0,-22050.0,0.0,0.0,1276826.92,1.26
46,2021-04-01,2,Capital Call,-445833.33,-46812.5,0.0,0.0,1075287.13,3.41
46,2021-07-01,3,Capital Call,-445833.33,-46812.5,0.0,0.0,1091148.5,2.22
46,2021-10-01,4,Capital Call,-445833.33,-46812.5,0.0,0.0,1117584.13,1.84
46,2022-01-01,1,Capital Call,-445833.33,-46812.5,0.0,0.0,1154594.02,1.65
46,2022-04-01,2,Capital Call,-445833.33,-46812.5,0.0,0.0,1202178.15,1.54
46,2022-07-01,3,Capital Call,-445833.33,-46812.5,0.0,0.0,1260336.54,1.47
46,2022-10-01,4,Capital Call,-445833.33,-46812.5,0.0,0.0,1329069.18,1.43
46,2023-01-01,1,Capital Call,-445833.33,-46812.5,0.0,0.0,1408376.07,1.39
46,2023-04-01,2,Capital Call,-445833.33,-46812.5,0.0,0.0,1498257.21,1.37
46,2023-07-01,3,Capital Call,-445833.33,-46812.5,0.0,0.0,1598712.61,1.36
46,2023-10-01,4,Capital Call,-445833.33,-46812.5,0.0,0.0,1709742.25,1.35
46,2024-01-01,1,Capital Call,-445833.33,-46812.5,0.0,0.0,1831346.15,1.34
46,2024-04-01,2,Fee/NAV Update,0.0,-46812.5,0.0,0.0,1894791.67,1.35
46,2024-07-01,3,Fee/NAV Update,0.0,-46812.5,0.0,0.0,1958237.18,1.37
46,2024-10-01,4,Distribution,0.0,-46812.5,267500.0,160500.0,2021682.69,1.38
46,2025-01-01,1,Fee/NAV Update,0.0,-46812.5,0.0,0.0,2085128.21,1.39
46,2025-04-01,2,Fee/NAV Update,0.0,-46812.5,0.0,0.0,2148573.72,1.4
46,2025-07-01,3,Fee/NAV Update,0.0,-46812.5,0.0,0.0,2212019.23,1.41
46,2025-10-01,4,Fee/NAV Update,0.0,-46812.5,0.0,0.0,2275464.74,1.43
47,2023-04-01,2,Capital Call,-65625.0,-10500.0,0.0,0.0,211156.85,4.22
47,2023-07-01,3,Capital Call,-65625.0,-10500.0,0.0,0.0,214627.4,2.64
47,2023-10-01,4,Capital Call,-65625.0,-10500.0,0.0,0.0,220411.66,2.12
47,2024-01-01,1,Capital Call,-65625.0,-10500.0,0.0,0.0,228509.62,1.87
47,2024-04-01,2,Capital Call,-65625.0,-10500.0,0.0,0.0,238921.27,1.73
47,2024-07-01,3,Capital Call,-65625.0,-10500.0,0.0,0.0,251646.63,1.64
47,2024-10-01,4,Capital Call,-65625.0,-10500.0,0.0,0.0,266685.7,1.58
47,2025-01-01,1,Capital Call,-65625.0,-10500.0,0.0,0.0,284038.46,1.54
47,2025-04-01,2,Capital Call,-65625.0,-10500.0,0.0,0.0,303704.93,1.51
47,2025-07-01,3,Capital Call,-65625.0,-10500.0,0.0,0.0,325685.1,1.5
47,2025-10-01,4,Capital Call,-65625.0,-10500.0,0.0,0.0,349978.97,1.48
